OpenTime,Open,High,Low,Close,Volume,TradesCount
2026-05-23 03:00:00,75572.07,75664.62,75563.33,75635.22,267.29386,36530
2026-05-23 04:00:00,75635.22,75650.63,75507.01,75539.77,198.6031,34869
2026-05-23 05:00:00,75539.77,75562.4,75469.89,75482.68,267.20559,40164
2026-05-23 06:00:00,75482.68,75501.09,75394.54,75398.33,189.47214,36351
2026-05-23 07:00:00,75398.33,75443.44,74289.6,74609.36,2035.70931,180109
2026-05-23 08:00:00,74609.37,74746.67,74303.56,74684.3,963.9472,116134
2026-05-23 09:00:00,74684.29,74752.45,74624.5,74656.91,431.5071,44794
2026-05-23 10:00:00,74656.91,74797.01,74656.91,74705.0,625.72233,37440
2026-05-23 11:00:00,74705.0,74873.55,74704.99,74789.99,487.9196,30312
2026-05-23 12:00:00,74789.99,74798.41,74660.05,74753.93,570.81814,35012
2026-05-23 13:00:00,74753.94,75262.86,74753.93,75213.9,815.89889,98426
2026-05-23 14:00:00,75213.9,75726.3,75108.15,75537.72,922.06012,90365
2026-05-23 15:00:00,75537.73,75676.0,75405.4,75520.0,634.72295,72255
2026-05-23 16:00:00,75519.99,75638.62,75415.17,75444.7,411.95204,62849
2026-05-23 17:00:00,75444.71,75522.0,75371.72,75488.18,566.20129,55939
2026-05-23 18:00:00,75488.17,75986.24,75472.04,75845.82,429.21806,107879
2026-05-23 19:00:00,75845.82,76012.22,75780.9,75983.45,364.9012,68801
2026-05-23 20:00:00,75983.45,77300.0,75953.94,77287.58,1242.58285,239289
2026-05-23 21:00:00,77286.08,77404.18,76538.04,76804.99,1147.59506,197120
2026-05-23 22:00:00,76805.0,76885.0,76396.06,76584.45,464.30329,93641
2026-05-23 23:00:00,76584.45,76822.0,76538.36,76752.01,420.43862,82396
2026-05-24 00:00:00,76752.0,76930.65,76629.02,76835.16,392.54327,73690
2026-05-24 01:00:00,76835.16,76921.45,76754.53,76890.04,225.24128,46201
2026-05-24 02:00:00,76890.04,76968.04,76704.32,76830.0,185.87406,43212
2026-05-24 03:00:00,76830.01,77011.62,76738.5,76750.0,248.04543,49639
2026-05-24 04:00:00,76750.01,76858.26,76730.0,76786.5,163.64327,33663
2026-05-24 05:00:00,76786.5,76861.78,76651.59,76822.23,202.16815,33881
2026-05-24 06:00:00,76822.23,77065.94,76716.02,76987.58,257.8917,47296
2026-05-24 07:00:00,76987.58,77014.24,76786.2,76799.99,193.96514,41262
2026-05-24 08:00:00,76799.99,76861.77,76734.42,76830.69,226.94949,30043
2026-05-24 09:00:00,76830.69,77046.67,76821.86,77020.53,369.92973,36666
2026-05-24 10:00:00,77020.54,77543.15,76927.04,77190.74,863.69953,93970
2026-05-24 11:00:00,77190.73,77356.62,77190.73,77320.06,285.66801,59458
2026-05-24 12:00:00,77320.06,77325.72,77044.73,77118.73,271.94108,50132
2026-05-24 13:00:00,77118.72,77127.54,76688.89,76802.23,474.39799,81337
2026-05-24 14:00:00,76802.23,76840.01,76195.36,76465.16,837.87651,150450
2026-05-24 15:00:00,76465.15,76539.38,76362.78,76371.59,398.04105,47070
2026-05-24 16:00:00,76371.59,76734.3,76371.59,76671.7,359.46109,72220
2026-05-24 17:00:00,76671.69,76799.99,76566.15,76693.34,249.31214,57462
2026-05-24 18:00:00,76693.34,76788.01,76596.0,76665.73,148.14196,45813
2026-05-24 19:00:00,76665.72,76783.51,76611.17,76773.34,125.12918,46271
2026-05-24 20:00:00,76773.33,76796.18,76596.37,76668.4,560.38206,71190
2026-05-24 21:00:00,76668.41,76748.12,76108.0,76151.14,497.80071,117979
2026-05-24 22:00:00,76151.14,77012.01,76132.0,76803.99,543.11534,175332
2026-05-24 23:00:00,76803.99,77225.97,76803.99,77064.96,316.78339,108732
2026-05-25 00:00:00,77064.96,77288.0,77064.95,77153.01,281.30951,103947
2026-05-25 01:00:00,77153.01,77245.67,76914.25,76945.27,574.42489,131420
2026-05-25 02:00:00,76945.28,77485.0,76945.28,77108.77,313.96478,101687
2026-05-25 03:00:00,77108.77,77169.88,77002.3,77026.67,198.70522,62424
2026-05-25 04:00:00,77026.68,77450.0,76990.78,77391.07,251.77406,45353
2026-05-25 05:00:00,77391.07,77498.0,77324.0,77407.0,306.77798,48800
2026-05-25 06:00:00,77406.99,77650.0,77222.22,77419.87,413.85927,93661
2026-05-25 07:00:00,77419.87,77520.0,77184.62,77401.12,376.11814,84141
2026-05-25 08:00:00,77401.11,77469.64,77280.32,77456.94,352.6298,49698
2026-05-25 09:00:00,77456.94,77699.97,77425.17,77604.56,369.10396,79075
2026-05-25 10:00:00,77604.56,77681.37,77490.37,77545.65,283.53522,49843
2026-05-25 11:00:00,77545.65,77545.65,77333.33,77357.5,209.17805,46631
2026-05-25 12:00:00,77357.5,77440.46,77286.5,77367.98,261.28583,69269
2026-05-25 13:00:00,77367.98,77450.0,77286.5,77341.05,199.52985,57006
2026-05-25 14:00:00,77341.05,77773.69,77304.84,77714.0,603.07815,107006
2026-05-25 15:00:00,77713.99,77905.52,77557.0,77628.82,499.50313,103031
2026-05-25 16:00:00,77628.82,77807.29,77508.88,77735.69,342.64397,69324
2026-05-25 17:00:00,77735.69,77804.48,77550.39,77564.01,278.21782,63509
2026-05-25 18:00:00,77564.0,77658.01,77543.38,77543.39,204.7646,51100
2026-05-25 19:00:00,77543.39,77543.39,77343.61,77441.86,295.53937,78449
2026-05-25 20:00:00,77441.85,77500.0,77220.0,77273.06,314.11527,75971
2026-05-25 21:00:00,77273.06,77396.08,77273.05,77367.03,183.92616,60991
2026-05-25 22:00:00,77367.03,77449.94,77019.82,77116.21,395.72227,94070
2026-05-25 23:00:00,77116.21,77367.44,77072.36,77322.01,162.61467,52103
2026-05-26 00:00:00,77322.01,77345.0,76575.49,76792.71,686.17714,132488
2026-05-26 01:00:00,76792.24,76888.01,76590.9,76756.98,342.05131,112352
2026-05-26 02:00:00,76756.98,76810.0,76512.98,76660.0,721.43857,84127
2026-05-26 03:00:00,76660.0,76705.71,76475.59,76664.01,396.14567,66530
2026-05-26 04:00:00,76664.0,76817.28,76606.79,76749.5,392.59093,48961
2026-05-26 05:00:00,76749.51,76989.23,76704.8,76930.01,556.0432,65633
2026-05-26 06:00:00,76930.0,77059.74,76775.0,76908.01,658.30833,127846
2026-05-26 07:00:00,76908.0,76924.55,76603.73,76730.84,436.26184,80765
2026-05-26 08:00:00,76730.84,76852.01,76693.21,76726.37,246.06951,70967
2026-05-26 09:00:00,76726.37,76804.0,76649.79,76672.19,350.5237,71994
2026-05-26 10:00:00,76672.2,77621.75,76586.94,77430.0,897.13516,208510
2026-05-26 11:00:00,77430.0,77516.93,77174.94,77183.55,403.26795,85873
2026-05-26 12:00:00,77183.56,77232.52,76877.94,77132.5,402.68245,102481
2026-05-26 13:00:00,77132.51,77464.01,76691.88,77231.56,659.9668,197068
2026-05-26 14:00:00,77231.56,78080.0,76724.63,76908.01,2020.17697,397733
2026-05-26 15:00:00,76908.01,77012.0,76272.63,76518.1,1751.25838,316708
2026-05-26 16:00:00,76518.1,76710.01,76209.58,76558.0,2070.02098,239275
2026-05-26 17:00:00,76558.0,76649.91,75850.0,75935.08,1190.65802,288068
2026-05-26 18:00:00,75935.09,76273.66,75779.3,75840.55,846.30902,180058
2026-05-26 19:00:00,75840.55,76104.49,75805.23,76052.0,581.71052,153381
2026-05-26 20:00:00,76052.0,76180.0,75982.64,76106.86,324.41575,82812
2026-05-26 21:00:00,76106.86,76117.31,75850.0,75890.0,275.58323,68700
2026-05-26 22:00:00,75890.0,75998.94,75677.97,75749.02,428.12169,107093
2026-05-26 23:00:00,75749.02,75986.45,75749.02,75930.01,316.55917,71322
2026-05-27 00:00:00,75930.01,76089.7,75872.71,76085.01,780.41682,87492
2026-05-27 01:00:00,76085.0,76104.02,75824.0,75877.44,573.72878,82231
2026-05-27 02:00:00,75877.44,75890.59,75682.99,75879.0,437.25803,91572
2026-05-27 03:00:00,75879.01,75966.91,75607.62,75683.0,612.84746,89511
2026-05-27 04:00:00,75683.0,75706.77,75310.9,75579.01,817.05359,132676
2026-05-27 05:00:00,75579.01,75739.36,75579.0,75697.99,490.56114,89802
2026-05-27 06:00:00,75697.99,75900.0,75690.01,75838.65,482.86494,86170
2026-05-27 07:00:00,75838.65,75980.0,75764.0,75977.17,433.92885,81501
2026-05-27 08:00:00,75977.16,76071.41,75843.02,75873.24,308.77238,81839
2026-05-27 09:00:00,75873.25,75978.01,75710.76,75912.6,294.26595,75837
2026-05-27 10:00:00,75912.61,76043.94,75880.0,75909.82,372.61961,91806
2026-05-27 11:00:00,75909.82,76029.24,75754.1,75769.18,316.01081,81269
2026-05-27 12:00:00,75769.18,76174.15,75575.75,75688.0,621.24106,176734
2026-05-27 13:00:00,75688.01,75760.0,74866.18,75073.4,2200.23684,384667
2026-05-27 14:00:00,75073.4,75274.11,74758.33,75031.92,1567.20208,283717
2026-05-27 15:00:00,75031.92,75502.29,74983.77,75326.01,797.5234,196665
2026-05-27 16:00:00,75326.02,75408.01,75000.0,75304.01,632.49097,169946
2026-05-27 17:00:00,75304.01,75344.01,74685.58,74860.42,1103.99219,213261
2026-05-27 18:00:00,74860.42,75032.01,74663.45,75026.67,549.25309,158217
2026-05-27 19:00:00,75026.67,75105.17,74952.36,75066.08,879.80197,119564
2026-05-27 20:00:00,75066.09,75415.81,75056.25,75274.58,389.41476,85203
2026-05-27 21:00:00,75274.58,75274.58,74341.76,74473.01,653.21971,196168
2026-05-27 22:00:00,74473.01,74775.5,74260.91,74418.13,624.64107,179560
2026-05-27 23:00:00,74418.12,74572.0,74243.99,74449.3,938.42933,131660
2026-05-28 00:00:00,74449.31,74580.0,74366.89,74570.66,476.29695,149905
2026-05-28 01:00:00,74570.67,74590.77,74156.0,74344.08,653.98384,240503
2026-05-28 02:00:00,74344.07,74400.0,74127.57,74287.42,717.91596,160530
2026-05-28 03:00:00,74287.43,74380.39,73060.59,73258.01,3879.74728,407020
2026-05-28 04:00:00,73258.0,73260.01,72728.85,73181.95,1588.42564,239372
2026-05-28 05:00:00,73181.95,73181.95,72908.67,72990.87,850.50171,132474
2026-05-28 06:00:00,72990.87,73213.11,72761.11,73202.7,1248.76931,123405
2026-05-28 07:00:00,73202.71,73512.14,73158.0,73498.0,1111.91354,118348
2026-05-28 08:00:00,73498.0,73500.0,73193.13,73325.88,567.79073,94211
2026-05-28 09:00:00,73325.88,73560.0,73261.6,73541.24,547.18862,77791
2026-05-28 10:00:00,73541.25,73616.0,73349.91,73400.01,495.53335,95978
2026-05-28 11:00:00,73400.01,73532.01,73319.36,73505.66,383.87102,111564
2026-05-28 12:00:00,73505.65,73580.75,73245.56,73518.01,454.53291,124740
2026-05-28 13:00:00,73518.01,73574.6,72771.64,73022.02,1277.58759,249841
2026-05-28 14:00:00,73022.01,73573.21,72582.82,73033.06,2189.6201,443474
2026-05-28 15:00:00,73033.06,73180.01,72700.0,72928.73,710.64433,206962
2026-05-28 16:00:00,72928.73,73440.67,72741.4,73440.67,821.59668,191923
2026-05-28 17:00:00,73440.66,73734.72,73316.31,73554.82,737.45631,134207
2026-05-28 18:00:00,73554.81,73749.69,73514.57,73652.88,517.48323,107540
2026-05-28 19:00:00,73652.87,73652.88,73381.81,73419.32,447.75042,86751
2026-05-28 20:00:00,73419.31,73721.45,73241.48,73579.99,441.85746,88448
2026-05-28 21:00:00,73580.0,73926.22,73560.45,73817.31,386.07817,83825
2026-05-28 22:00:00,73817.31,73949.22,73448.55,73464.8,445.66881,77340
2026-05-28 23:00:00,73464.8,73714.9,73464.79,73617.51,321.8063,53561
2026-05-29 00:00:00,73617.52,73854.77,73617.51,73716.37,592.13944,94346
2026-05-29 01:00:00,73716.37,73868.33,73463.52,73586.83,543.44041,95772
2026-05-29 02:00:00,73586.83,73646.68,73189.11,73225.06,716.13416,100736
2026-05-29 03:00:00,73225.07,73456.63,73225.07,73301.52,271.59006,71567
2026-05-29 04:00:00,73301.53,73508.97,73210.21,73507.69,462.74907,75976
2026-05-29 05:00:00,73507.68,73719.39,73500.0,73706.0,814.3098,82360
2026-05-29 06:00:00,73706.0,73939.19,73641.05,73786.32,283.07172,74046
2026-05-29 07:00:00,73786.32,73830.01,73373.37,73528.56,1081.6764,105107
2026-05-29 08:00:00,73528.55,73835.58,73524.0,73653.4,690.03943,82509
2026-05-29 09:00:00,73653.4,73902.85,73649.58,73744.96,506.90617,63415
2026-05-29 10:00:00,73744.96,73749.53,73588.13,73634.64,583.75086,62750
2026-05-29 11:00:00,73634.64,73700.41,73341.85,73487.98,417.09649,79696
2026-05-29 12:00:00,73487.98,73487.98,73202.0,73295.73,419.42757,94880
2026-05-29 13:00:00,73295.73,73346.04,72900.46,73135.7,883.40251,189672
2026-05-29 14:00:00,73135.7,73198.17,72512.49,73096.85,1512.76179,335446
2026-05-29 15:00:00,73096.84,74200.0,73008.98,73808.26,1809.3402,335006
2026-05-29 16:00:00,73808.25,74124.73,73565.73,74056.5,1160.72957,185207
2026-05-29 17:00:00,74056.49,74514.1,73925.33,73980.94,2917.46541,196435
2026-05-29 18:00:00,73980.94,74065.29,73187.25,73374.52,1065.50146,172683
2026-05-29 19:00:00,73374.51,73727.95,73239.36,73520.28,453.16949,122626
2026-05-29 20:00:00,73520.29,73760.0,73514.0,73673.61,155.12213,76134
2026-05-29 21:00:00,73673.62,73844.0,73408.8,73409.27,412.83689,92336
2026-05-29 22:00:00,73409.27,73571.81,73379.79,73483.52,662.8477,56671
2026-05-29 23:00:00,73483.51,73510.0,73320.0,73460.78,271.23268,51942
2026-05-30 00:00:00,73460.78,73579.82,73408.62,73498.8,545.20652,53939
2026-05-30 01:00:00,73498.8,73663.08,73472.8,73657.9,386.87772,54707
2026-05-30 02:00:00,73657.9,73786.7,73613.85,73786.69,268.52358,39971
2026-05-30 03:00:00,73786.7,73796.43,73524.01,73524.01,339.03494,45929
2026-05-30 04:00:00,73524.01,73575.0,73216.0,73402.84,466.81865,94475
2026-05-30 05:00:00,73402.85,73635.0,73346.85,73604.99,464.14797,63465
2026-05-30 06:00:00,73604.99,73709.91,73530.0,73584.99,331.33867,52807
2026-05-30 07:00:00,73584.99,73588.2,73486.0,73548.6,225.56478,34343
2026-05-30 08:00:00,73548.6,73567.59,73500.02,73530.07,274.14087,24108
2026-05-30 09:00:00,73530.07,73615.47,73503.07,73615.46,201.26346,27005
2026-05-30 10:00:00,73615.46,73680.75,73592.57,73655.85,283.9706,40401
2026-05-30 11:00:00,73655.85,73655.86,73564.62,73602.02,317.1037,30422
2026-05-30 12:00:00,73602.01,73717.07,73594.4,73698.18,369.235,34417
2026-05-30 13:00:00,73698.17,73837.06,73676.1,73829.31,249.39427,45263
2026-05-30 14:00:00,73829.31,74100.0,73820.91,73929.11,565.07041,98831
2026-05-30 15:00:00,73929.11,74042.88,73836.7,73930.14,301.39896,59078
2026-05-30 16:00:00,73930.13,73985.84,73880.1,73934.99,193.46997,48001
2026-05-30 17:00:00,73935.0,74047.26,73811.3,74020.07,308.74992,53446
2026-05-30 18:00:00,74020.06,74143.76,73945.0,74043.38,188.56655,44503
2026-05-30 19:00:00,74043.39,74072.0,73971.3,74016.65,145.42131,36656
2026-05-30 20:00:00,74016.64,74016.65,73926.68,73979.84,104.9948,24779
2026-05-30 21:00:00,73979.85,74054.0,73929.07,73981.99,224.4707,33777
2026-05-30 22:00:00,73981.99,73982.0,73796.01,73883.3,391.66756,45614
2026-05-30 23:00:00,73883.3,73995.98,73781.3,73884.38,368.97818,38469
2026-05-31 00:00:00,73884.38,74041.72,73858.56,74038.2,241.35407,45440
2026-05-31 01:00:00,74038.2,74275.66,74028.64,74058.01,363.47802,65240
2026-05-31 02:00:00,74058.01,74243.94,73890.49,74090.84,304.8567,84535
2026-05-31 03:00:00,74090.84,74226.78,74074.05,74150.64,189.87382,49318
2026-05-31 04:00:00,74150.64,74221.33,74109.0,74178.4,194.38913,39128
2026-05-31 05:00:00,74178.41,74207.2,74055.16,74055.98,231.70947,34708
2026-05-31 06:00:00,74055.99,74109.39,73985.34,74054.87,141.21825,29223
2026-05-31 07:00:00,74054.86,74054.87,73836.0,73871.24,302.07421,46646
2026-05-31 08:00:00,73871.25,73980.0,73850.05,73937.61,348.32905,47904
2026-05-31 09:00:00,73937.62,74024.0,73813.44,73841.79,323.04158,47207
2026-05-31 10:00:00,73841.79,73900.0,73699.2,73900.0,400.29833,48223
2026-05-31 11:00:00,73900.0,73972.0,73899.99,73937.79,178.9239,30621
2026-05-31 12:00:00,73937.63,73995.88,73874.0,73920.0,222.22652,39129
2026-05-31 13:00:00,73920.0,74023.99,73807.43,73872.8,178.44734,38610
2026-05-31 14:00:00,73872.8,73872.8,73483.05,73602.17,681.72491,127619
2026-05-31 15:00:00,73602.18,73775.79,73588.8,73655.21,266.93299,48254
2026-05-31 16:00:00,73655.2,73730.0,73400.0,73526.14,319.75425,77953
2026-05-31 17:00:00,73526.15,73734.0,73466.67,73709.44,195.46974,38175
2026-05-31 18:00:00,73709.43,73713.34,73585.49,73603.69,214.37074,39736
2026-05-31 19:00:00,73603.68,73649.93,73456.48,73563.42,255.80848,44699
2026-05-31 20:00:00,73563.41,73760.0,73563.41,73739.66,381.5641,46998
2026-05-31 21:00:00,73739.67,73924.0,73626.67,73892.52,391.01047,82920
2026-05-31 22:00:00,73892.52,73997.56,73686.0,73944.62,284.29172,100294
2026-05-31 23:00:00,73944.62,74198.0,73500.0,73674.39,375.30928,110857
2026-06-01 00:00:00,73674.39,74092.0,73654.06,73885.0,366.4897,136828
2026-06-01 01:00:00,73885.01,73916.01,73278.02,73292.92,464.54265,141536
2026-06-01 02:00:00,73292.92,73892.52,73222.0,73790.0,506.50025,128800
2026-06-01 03:00:00,73789.99,74019.58,73735.47,73769.06,460.44243,110103
2026-06-01 04:00:00,73769.06,73841.37,73348.74,73536.01,335.64727,97271
2026-06-01 05:00:00,73536.01,73541.48,73328.32,73350.0,404.19791,70898
2026-06-01 06:00:00,73349.99,73368.0,72950.01,73135.74,740.28999,165991
2026-06-01 07:00:00,73135.75,73203.85,72704.0,72818.0,833.64063,185784
2026-06-01 08:00:00,72818.0,72921.38,72610.03,72902.65,751.49608,130363
2026-06-01 09:00:00,72902.64,73095.64,72600.0,72880.0,2061.2162,131001
2026-06-01 10:00:00,72880.0,72900.73,72592.27,72748.88,482.4874,105176
2026-06-01 11:00:00,72748.88,72768.11,72290.0,72479.99,769.61036,128431
2026-06-01 12:00:00,72480.0,72610.0,71902.98,72221.73,1854.73885,294052
2026-06-01 13:00:00,72221.74,72243.52,71389.88,71711.89,3036.53496,500251
2026-06-01 14:00:00,71711.89,71887.6,71363.43,71567.91,2060.71568,391587
2026-06-01 15:00:00,71567.91,71677.55,71066.33,71129.62,1656.46415,322554
2026-06-01 16:00:00,71129.62,71599.95,70686.68,71564.01,2820.57409,291004
2026-06-01 17:00:00,71564.01,71800.73,71469.64,71646.01,999.45739,177311
2026-06-01 18:00:00,71646.0,71687.28,71382.0,71498.64,667.35668,128380
2026-06-01 19:00:00,71498.64,71666.0,71386.0,71595.24,432.84579,118336
2026-06-01 20:00:00,71595.24,71690.0,71419.64,71446.0,273.2723,76533
2026-06-01 21:00:00,71445.99,71449.98,70941.95,71038.01,573.85796,135860
2026-06-01 22:00:00,71038.01,71460.0,70840.9,71408.0,770.63523,146370
2026-06-01 23:00:00,71407.99,71583.29,71225.29,71408.9,598.07789,123353
2026-06-02 00:00:00,71408.9,71408.9,71100.0,71289.23,677.70318,138047
2026-06-02 01:00:00,71289.24,71372.0,70607.57,70652.47,1034.85247,181337
2026-06-02 02:00:00,70652.47,70880.63,70111.0,70846.49,1320.1444,293161
2026-06-02 03:00:00,70846.48,71041.04,70806.0,70953.69,492.94753,128447
2026-06-02 04:00:00,70953.7,71048.0,70713.54,70810.0,489.36754,128104
2026-06-02 05:00:00,70810.0,70847.66,70267.79,70268.96,832.11781,190479
2026-06-02 06:00:00,70268.97,70442.0,69958.49,70106.31,1507.14949,207385
2026-06-02 07:00:00,70106.31,70275.86,69733.0,70118.42,1388.79813,228069
2026-06-02 08:00:00,70118.42,70172.0,69705.3,69821.99,944.6499,183520
2026-06-02 09:00:00,69822.0,69849.0,69324.65,69426.01,1499.21853,238137
2026-06-02 10:00:00,69426.01,69756.0,69336.98,69652.19,904.86792,171383
2026-06-02 11:00:00,69652.18,69659.47,69397.83,69461.72,417.59402,117474
2026-06-02 12:00:00,69461.73,69548.13,68989.61,69010.42,1382.26152,228331
2026-06-02 13:00:00,69010.41,69180.0,68757.03,68811.91,1762.82906,335259
2026-06-02 14:00:00,68809.93,68836.0,67617.85,68019.3,3845.79627,566846
2026-06-02 15:00:00,68019.3,68094.6,67076.0,67304.28,2543.79469,466661
2026-06-02 16:00:00,67304.29,68146.3,67228.45,67413.44,1789.92962,349789
2026-06-02 17:00:00,67413.44,67837.53,67378.0,67492.34,905.8915,241358
2026-06-02 18:00:00,67492.34,67661.7,67124.2,67341.99,926.14597,217090
2026-06-02 19:00:00,67341.99,67498.0,66432.0,67315.14,2333.17121,336468
2026-06-02 20:00:00,67315.14,67689.65,66911.2,67587.77,1637.61606,300495
2026-06-02 21:00:00,67587.78,67923.24,67412.0,67566.01,765.53933,206967
2026-06-02 22:00:00,67566.01,67566.01,66244.02,66385.2,1856.41667,413780
2026-06-02 23:00:00,66385.2,66868.62,66193.0,66760.83,1599.39304,382090
2026-06-03 00:00:00,66760.84,67204.15,66654.0,66938.01,1238.50805,290155
2026-06-03 01:00:00,66938.01,67050.0,66472.65,66920.0,973.29949,217198
2026-06-03 02:00:00,66920.0,66920.01,66586.17,66620.01,773.38787,173133
2026-06-03 03:00:00,66620.0,66653.67,65426.34,65849.9,2891.72624,395531
2026-06-03 04:00:00,65849.9,66623.44,65834.0,66465.98,1263.85794,267896
2026-06-03 05:00:00,66465.99,67398.28,66465.99,67330.01,1773.95829,323804
2026-06-03 06:00:00,67330.0,67516.0,66962.95,66983.27,1658.04956,237693
2026-06-03 07:00:00,66983.27,67334.4,66872.01,67220.03,1003.46306,165029
2026-06-03 08:00:00,67220.03,67264.34,66974.0,67028.0,1273.47385,199455
2026-06-03 09:00:00,67028.01,67322.0,66656.48,67075.17,1438.06157,225394
2026-06-03 10:00:00,67075.18,67476.69,67068.51,67294.52,639.46259,192758
2026-06-03 11:00:00,67294.51,67366.82,67056.58,67067.37,489.69833,119472
2026-06-03 12:00:00,67067.37,67163.82,66782.65,67078.72,856.74966,221072
2026-06-03 13:00:00,67078.72,67244.62,66635.0,66906.01,1223.17247,405468
2026-06-03 14:00:00,66906.0,66990.66,66643.96,66864.95,936.44379,369189
2026-06-03 15:00:00,66864.95,66898.0,66076.0,66076.01,1521.34921,394917
2026-06-03 16:00:00,66076.01,66373.18,65555.0,66061.83,1633.14277,414723
2026-06-03 17:00:00,66061.83,66189.8,65704.8,65964.08,810.29365,262687
2026-06-03 18:00:00,65964.08,66161.24,65744.01,66036.57,600.59221,194078
2026-06-03 19:00:00,66036.56,66054.0,65251.0,65462.0,1198.70968,238378
2026-06-03 20:00:00,65461.99,65614.74,64766.0,65007.27,1892.05101,321737
2026-06-03 21:00:00,65007.27,65860.0,64960.87,65768.88,1254.10382,290913
2026-06-03 22:00:00,65768.89,65841.23,64778.15,64912.98,974.52056,383759
2026-06-03 23:00:00,64912.97,64979.99,64092.49,64142.75,1820.23083,371919
2026-06-04 00:00:00,64142.75,64428.0,63000.0,63344.97,3512.79677,657007
2026-06-04 01:00:00,63344.98,63500.0,62100.01,62178.1,4759.0413,774415
2026-06-04 02:00:00,62178.1,63622.7,61383.56,63231.99,6283.29826,644675
2026-06-04 03:00:00,63232.0,64540.3,63218.48,64363.49,2402.09774,334828
2026-06-04 04:00:00,64363.49,64764.32,64265.73,64399.99,1421.62502,245338
2026-06-04 05:00:00,64399.99,64400.0,63648.01,63955.47,1272.84935,308518
2026-06-04 06:00:00,63955.48,64481.22,63892.0,64027.99,802.33437,220866
2026-06-04 07:00:00,64027.99,64062.81,63492.89,63603.15,1503.87893,261823
2026-06-04 08:00:00,63603.15,63904.63,63245.9,63629.99,1570.23316,389108
2026-06-04 09:00:00,63629.99,63644.0,62703.33,63266.0,2329.3282,483870
2026-06-04 10:00:00,63266.01,63276.0,62301.21,62420.0,3046.35677,469476
2026-06-04 11:00:00,62420.01,62833.82,62205.0,62545.99,1649.57305,356501
2026-06-04 12:00:00,62546.0,63966.48,62392.0,63766.82,1740.31399,474573
2026-06-04 13:00:00,63766.82,64244.0,63068.41,64230.0,2087.69891,579230
2026-06-04 14:00:00,64230.0,64494.92,63785.33,63958.97,1314.7717,452636
2026-06-04 15:00:00,63958.97,64404.0,63691.7,63896.17,1043.20477,325242
2026-06-04 16:00:00,63896.16,63920.0,63456.0,63563.51,778.5809,273524
2026-06-04 17:00:00,63563.51,63722.0,62944.91,63540.97,1048.08269,309779
2026-06-04 18:00:00,63540.96,64110.28,63149.76,63819.62,1198.01807,316109
2026-06-04 19:00:00,63819.62,64163.93,63544.0,63629.38,699.04403,255891
2026-06-04 20:00:00,63629.38,63653.2,63182.84,63638.4,753.64631,219302
2026-06-04 21:00:00,63638.4,63876.0,63106.04,63286.21,982.36997,220331
2026-06-04 22:00:00,63286.21,63772.0,63194.0,63735.43,816.54763,310645
2026-06-04 23:00:00,63735.42,63918.0,63376.0,63885.99,561.48382,174289
2026-06-05 00:00:00,63885.99,63978.0,63396.57,63426.72,799.55012,262504
2026-06-05 01:00:00,63426.73,63566.0,63052.0,63374.67,974.10885,309168
2026-06-05 02:00:00,63374.67,63436.0,62588.77,62617.72,1167.70132,339982
2026-06-05 03:00:00,62617.72,62888.0,62339.0,62730.0,1221.6378,314333
2026-06-05 04:00:00,62730.0,63646.0,62487.24,63615.23,1133.49083,311672
2026-06-05 05:00:00,63615.22,63688.0,62278.0,62329.35,1503.31179,371814
2026-06-05 06:00:00,62329.36,62634.53,61126.01,61946.57,5277.47749,937737
2026-06-05 07:00:00,61946.57,63116.0,61378.38,63115.99,2819.14343,649312
2026-06-05 08:00:00,63115.99,63120.98,62288.88,62454.64,1381.33567,301884
2026-06-05 09:00:00,62454.64,63259.9,62442.0,62860.09,970.2531,314276
2026-06-05 10:00:00,62860.09,62931.81,62375.0,62536.87,753.84533,226776
2026-06-05 11:00:00,62536.87,62644.48,61964.98,61964.99,1191.72996,299452
2026-06-05 12:00:00,61964.99,62457.86,61620.47,61959.73,1931.26312,479356
2026-06-05 13:00:00,61959.72,62326.0,60732.35,60732.36,3644.72891,643094
2026-06-05 14:00:00,60732.36,61227.98,60334.97,60868.97,4753.25938,888916
2026-06-05 15:00:00,60868.98,61126.0,60000.0,60438.01,4471.76201,668473
2026-06-05 16:00:00,60438.0,61547.24,59786.0,61394.39,5595.70288,860286
2026-06-05 17:00:00,61394.38,61508.85,60660.0,60813.99,1735.74281,449980
2026-06-05 18:00:00,60814.0,60950.0,59141.0,59395.99,3853.37743,650178
2026-06-05 19:00:00,59396.0,60459.41,59130.91,60300.24,2562.76919,720293
2026-06-05 20:00:00,60300.24,61787.01,59940.01,61620.01,2519.32621,535708
2026-06-05 21:00:00,61620.01,62000.0,61444.2,61670.38,1754.60125,345414
2026-06-05 22:00:00,61670.38,61966.0,61207.82,61584.49,1799.61028,446398
2026-06-05 23:00:00,61584.49,61776.0,60518.0,61056.47,1211.55891,331850
2026-06-06 00:00:00,61056.47,61530.05,61045.01,61273.29,769.28059,262884
2026-06-06 01:00:00,61273.29,61380.0,60954.36,61058.95,701.07746,201383
2026-06-06 02:00:00,61058.95,61176.0,60678.0,60951.64,778.33004,249099
2026-06-06 03:00:00,60951.63,60966.86,60520.0,60687.04,696.39105,259886
2026-06-06 04:00:00,60687.05,60866.0,59500.0,60101.27,2161.93035,559699
2026-06-06 05:00:00,60101.28,61062.0,59621.22,60942.38,2141.23088,489862
2026-06-06 06:00:00,60942.37,61276.95,60681.0,60786.96,2095.10137,355492
2026-06-06 07:00:00,60786.96,61229.17,60733.14,61004.95,664.31126,162044
2026-06-06 08:00:00,61004.95,61500.0,60884.0,61264.0,724.69988,195050
2026-06-06 09:00:00,61264.0,61322.0,60875.55,60981.24,580.05282,186268
2026-06-06 10:00:00,60981.24,60981.24,60198.0,60593.0,1404.76206,282578
2026-06-06 11:00:00,60593.0,60968.0,60552.95,60802.91,764.0429,153771
2026-06-06 12:00:00,60802.9,61185.26,60641.2,61030.63,669.86406,182548
2026-06-06 13:00:00,61030.63,61100.0,60701.41,60801.2,565.41708,164634
2026-06-06 14:00:00,60801.2,61016.0,60768.0,60791.05,409.85585,161753
2026-06-06 15:00:00,60791.06,60929.2,60396.0,60784.0,646.3582,208625
2026-06-06 16:00:00,60784.01,60971.24,60466.56,60774.0,524.00441,156734
2026-06-06 17:00:00,60774.0,60844.0,60501.0,60576.2,599.85374,131616
2026-06-06 18:00:00,60576.19,60754.74,60393.96,60637.21,975.00187,152989
2026-06-06 19:00:00,60637.2,60786.0,60536.0,60600.01,348.13504,93283
2026-06-06 20:00:00,60600.0,60756.0,60522.0,60711.69,328.01265,93344
2026-06-06 21:00:00,60711.69,61000.0,60707.93,60751.21,311.33205,81069
2026-06-06 22:00:00,60751.22,60818.0,60429.09,60543.53,374.15284,129075
2026-06-06 23:00:00,60543.52,60942.75,60543.52,60884.62,562.39032,87188
2026-06-07 00:00:00,60884.62,60987.99,60746.0,60782.01,680.4546,116879
2026-06-07 01:00:00,60782.0,61664.13,60758.0,61479.75,1285.5692,273041
2026-06-07 02:00:00,61479.75,61568.0,61184.0,61506.74,523.36778,166180
2026-06-07 03:00:00,61506.73,61778.33,61416.1,61701.07,469.79753,153448
2026-06-07 04:00:00,61701.06,61907.07,61482.46,61890.92,486.27163,139984
2026-06-07 05:00:00,61890.92,62159.0,61647.0,61748.1,1139.66042,212941
2026-06-07 06:00:00,61748.11,62272.0,61619.4,62101.0,1749.1221,241732
2026-06-07 07:00:00,62101.01,62416.26,61983.46,62404.73,1528.1498,145369
2026-06-07 08:00:00,62404.72,62960.0,62259.37,62855.01,2005.84536,239847
2026-06-07 09:00:00,62855.0,62900.0,62374.63,62530.0,1248.753,183125
2026-06-07 10:00:00,62530.0,62570.31,62298.39,62370.52,674.16526,161858
2026-06-07 11:00:00,62370.53,62754.45,62359.44,62621.96,794.29873,140528
2026-06-07 12:00:00,62621.97,62643.97,61577.12,61900.67,1957.0674,369382
2026-06-07 13:00:00,61900.66,61907.64,61649.12,61700.13,1146.18923,191481
2026-06-07 14:00:00,61700.14,62312.67,61696.98,61905.49,923.54392,209392
2026-06-07 15:00:00,61905.49,62219.92,61674.51,62093.99,527.33835,177488
2026-06-07 16:00:00,62093.99,62332.0,61966.0,62083.64,482.9603,165862
2026-06-07 17:00:00,62083.64,62330.0,62046.62,62160.01,573.97699,138264
2026-06-07 18:00:00,62160.01,62296.0,62022.0,62030.14,373.61361,84383
2026-06-07 19:00:00,62030.15,62036.78,61184.0,61328.0,1046.65633,239211
2026-06-07 20:00:00,61327.99,61962.47,61217.17,61878.01,569.10903,145351
2026-06-07 21:00:00,61878.0,62017.71,61652.01,61778.41,374.19369,116992
2026-06-07 22:00:00,61778.42,64234.68,61728.11,62865.87,4892.75492,514549
2026-06-07 23:00:00,62865.87,63444.11,62803.42,63332.01,1159.24525,225174
2026-06-08 00:00:00,63332.01,63863.06,63138.37,63631.42,1255.61981,290444
2026-06-08 01:00:00,63631.43,63643.99,62720.86,63211.41,1129.10442,337355
2026-06-08 02:00:00,63211.41,63260.0,62918.0,63129.93,502.88284,178720
2026-06-08 03:00:00,63129.94,63458.0,62978.36,63130.12,427.85473,144708
2026-06-08 04:00:00,63130.12,63171.1,62657.07,62684.61,553.63898,168596
2026-06-08 05:00:00,62684.61,62825.27,62408.0,62764.0,674.10723,205058
2026-06-08 06:00:00,62763.99,63144.0,62734.0,62988.03,629.53051,179806
2026-06-08 07:00:00,62988.58,63350.0,62812.0,63283.99,976.9078,193066
2026-06-08 08:00:00,63284.0,63284.0,62992.01,63132.83,490.75057,161200
2026-06-08 09:00:00,63132.84,63577.86,63128.47,63502.0,706.93226,177936
2026-06-08 10:00:00,63501.99,63568.19,63096.88,63172.3,982.6729,155339
2026-06-08 11:00:00,63172.3,63873.08,63058.0,63479.61,1572.11873,235680
2026-06-08 12:00:00,63479.62,63933.18,62718.3,63872.0,2589.09295,363466
2026-06-08 13:00:00,63872.0,63943.56,63362.1,63758.0,1304.57724,350706
2026-06-08 14:00:00,63758.0,64077.57,63560.68,63964.08,1937.84618,310171
2026-06-08 15:00:00,63964.07,64200.0,63711.0,63774.48,2295.29096,292588
2026-06-08 16:00:00,63774.48,64046.86,63472.0,63532.01,873.93622,175875
2026-06-08 17:00:00,63532.01,63646.0,63268.01,63550.0,1044.76064,185947
2026-06-08 18:00:00,63549.99,63690.0,63339.98,63466.83,414.77155,132101
2026-06-08 19:00:00,63466.83,63596.0,63356.0,63372.01,379.67287,129151
2026-06-08 20:00:00,63372.01,63485.49,63160.31,63485.49,793.95609,108790
2026-06-08 21:00:00,63485.49,63850.0,63483.41,63728.96,413.19539,111960
2026-06-08 22:00:00,63728.96,63728.96,63210.0,63440.01,571.04903,141899
2026-06-08 23:00:00,63440.0,63594.0,62978.66,63085.99,533.11634,157002
2026-06-09 00:00:00,63086.0,63184.0,62423.07,62562.0,1868.43384,276045
2026-06-09 01:00:00,62562.0,62879.1,62546.62,62764.01,752.22836,173486
2026-06-09 02:00:00,62764.0,62874.0,62544.11,62868.0,357.79841,138521
2026-06-09 03:00:00,62867.99,62979.94,62702.0,62875.17,780.82683,112714
2026-06-09 04:00:00,62875.18,63424.0,62748.0,63242.36,1115.32376,177848
2026-06-09 05:00:00,63242.36,63526.01,63120.24,63338.68,946.88593,161525
2026-06-09 06:00:00,63338.69,63506.0,63230.0,63300.0,975.96129,108048
2026-06-09 07:00:00,63300.0,63443.6,63012.0,63198.44,669.83742,104007
2026-06-09 08:00:00,63198.44,63208.86,62769.52,62849.75,844.01531,128341
2026-06-09 09:00:00,62849.75,62944.43,62590.0,62715.37,709.2584,116227
2026-06-09 10:00:00,62715.37,62835.37,62596.0,62786.01,503.06926,113049
2026-06-09 11:00:00,62786.0,62818.0,62498.75,62711.12,472.29218,107433
2026-06-09 12:00:00,62711.12,62895.18,62421.24,62645.15,693.6037,144435
2026-06-09 13:00:00,62645.14,62738.0,62140.0,62273.61,1172.01624,280196
2026-06-09 14:00:00,62273.62,62395.01,61148.07,61541.95,2741.42922,524581
2026-06-09 15:00:00,61541.95,61706.86,61037.0,61131.84,1576.3984,311324
2026-06-09 16:00:00,61131.85,61484.67,60780.0,61390.51,2117.17514,422755
2026-06-09 17:00:00,61390.51,61889.0,61390.51,61692.01,925.52892,231711
2026-06-09 18:00:00,61692.01,61964.0,61602.0,61792.01,528.51144,155907
2026-06-09 19:00:00,61792.0,62103.39,61722.0,62098.09,436.3094,152652
2026-06-09 20:00:00,62098.09,62272.0,61954.39,62160.0,406.81988,104463
2026-06-09 21:00:00,62159.99,62176.86,61698.0,61761.2,425.20913,98020
2026-06-09 22:00:00,61761.21,61976.0,61666.66,61717.5,276.69194,100574
2026-06-09 23:00:00,61717.5,61878.0,61556.0,61730.0,340.59519,103470
2026-06-10 00:00:00,61730.0,61930.0,61440.0,61923.16,538.2675,149535
2026-06-10 01:00:00,61923.16,61974.7,61590.0,61714.0,336.41204,167866
2026-06-10 02:00:00,61714.0,61837.67,61235.29,61302.36,512.06602,160933
2026-06-10 03:00:00,61302.37,61594.0,61286.0,61549.64,334.76343,113873
2026-06-10 04:00:00,61549.64,61560.0,61182.65,61295.99,306.03442,109000
2026-06-10 05:00:00,61296.0,61400.01,61080.0,61361.17,464.90737,129241
2026-06-10 06:00:00,61361.17,61521.99,61145.5,61472.89,511.66925,113954
2026-06-10 07:00:00,61472.89,61813.34,61440.0,61687.56,937.80783,128325
2026-06-10 08:00:00,61687.56,61736.0,61168.0,61261.55,739.92297,164382
2026-06-10 09:00:00,61261.56,61421.46,60755.0,61334.94,906.84186,205181
2026-06-10 10:00:00,61334.95,61456.0,61151.4,61386.09,340.43647,133306
2026-06-10 11:00:00,61386.09,61430.0,60867.19,61034.04,826.04256,232732
2026-06-10 12:00:00,61034.04,61950.0,60960.0,61564.01,1340.16125,289641
2026-06-10 13:00:00,61564.0,62446.0,61444.87,62146.42,1199.64944,343786
2026-06-10 14:00:00,62146.43,62258.01,61814.79,62195.99,902.47236,320240
2026-06-10 15:00:00,62195.99,62857.99,61852.0,62639.23,1341.51604,381602
2026-06-10 16:00:00,62639.23,62646.0,61930.0,62219.33,748.11357,280990
2026-06-10 17:00:00,62219.33,62360.0,61654.54,61969.99,885.28682,264392
2026-06-10 18:00:00,61969.99,62162.9,61588.8,61882.0,641.1773,198788
2026-06-10 19:00:00,61881.99,62062.98,61673.79,61942.44,400.79146,155878
2026-06-10 20:00:00,61942.45,61949.21,61688.0,61805.51,307.34434,122105
2026-06-10 21:00:00,61805.5,61805.51,61179.19,61356.18,571.34637,169289
2026-06-10 22:00:00,61356.18,61574.0,61104.24,61381.46,578.03926,192828
2026-06-10 23:00:00,61381.46,61604.0,61166.0,61510.99,327.64659,127819
2026-06-11 00:00:00,61510.99,61974.7,61510.99,61812.0,597.44488,162608
2026-06-11 01:00:00,61812.0,62378.0,61812.0,62206.01,839.43174,155164
2026-06-11 02:00:00,62206.01,62304.0,61944.19,62148.0,429.18601,123437
2026-06-11 03:00:00,62148.01,62848.0,62012.0,62689.48,986.08995,168588
2026-06-11 04:00:00,62689.47,62854.0,62546.34,62726.86,589.32674,138831
2026-06-11 05:00:00,62726.85,62726.86,62556.84,62610.0,295.46093,96146
2026-06-11 06:00:00,62610.0,62997.53,62544.89,62772.0,1198.75098,135123
2026-06-11 07:00:00,62772.01,62842.92,62612.01,62719.39,399.47563,81303
2026-06-11 08:00:00,62719.39,63050.0,62719.38,62957.99,546.92925,82404
2026-06-11 09:00:00,62958.0,62989.97,62790.0,62927.49,401.22464,79248
2026-06-11 10:00:00,62927.49,63214.97,62789.62,63148.0,666.36315,110926
2026-06-11 11:00:00,63148.0,63257.21,63040.01,63108.0,563.58106,109845
2026-06-11 12:00:00,63108.01,63190.0,62500.0,63010.01,1835.01045,267581
2026-06-11 13:00:00,63010.0,63239.43,62677.84,63077.57,1087.23984,237108
2026-06-11 14:00:00,63077.71,63100.0,62732.6,62734.02,782.87001,223011
2026-06-11 15:00:00,62734.02,62887.88,62518.1,62749.44,633.18968,183221
2026-06-11 16:00:00,62749.44,62842.0,62548.79,62582.45,564.46406,125881
2026-06-11 17:00:00,62582.45,63655.83,62348.0,63644.19,1821.97042,304656
2026-06-11 18:00:00,63644.18,63788.0,63324.35,63461.12,793.20489,187481
2026-06-11 19:00:00,63461.12,63933.02,63390.0,63605.68,946.18552,174753
2026-06-11 20:00:00,63605.69,63663.4,63270.0,63393.67,556.54606,85690
2026-06-11 21:00:00,63393.67,63599.99,63393.66,63519.99,269.29173,69296
2026-06-11 22:00:00,63519.99,63670.0,63462.0,63500.01,226.24918,72346
2026-06-11 23:00:00,63500.0,63700.0,63362.0,63625.99,351.45962,72156
2026-06-12 00:00:00,63626.0,63810.01,63520.86,63648.8,1229.6005,105139
2026-06-12 01:00:00,63648.8,63648.8,63301.53,63426.2,745.50942,97368
2026-06-12 02:00:00,63426.21,63779.11,63426.2,63624.07,398.45121,82101
2026-06-12 03:00:00,63624.07,63649.99,63357.7,63524.82,280.54894,66411
2026-06-12 04:00:00,63524.81,63863.98,63426.48,63700.0,742.01132,83403
2026-06-12 05:00:00,63700.0,63721.31,63310.0,63358.2,603.70673,96962
2026-06-12 06:00:00,63358.2,63411.5,62829.81,62980.45,1027.41759,140431
2026-06-12 07:00:00,62980.46,63211.74,62956.0,63100.8,852.55681,117580
2026-06-12 08:00:00,63100.8,63615.84,63100.8,63470.81,600.81984,111909
2026-06-12 09:00:00,63470.81,63953.84,63438.0,63752.93,524.52211,125971
2026-06-12 10:00:00,63752.93,63852.0,63588.34,63702.01,872.53513,112577
2026-06-12 11:00:00,63702.01,63884.49,63684.44,63766.01,380.80932,101744
2026-06-12 12:00:00,63766.01,63775.0,63378.0,63465.51,515.59574,139597
2026-06-12 13:00:00,63465.52,63532.59,63045.29,63229.1,851.49099,224729
2026-06-12 14:00:00,63229.1,64000.0,63190.0,63999.99,1065.08825,316830
2026-06-12 15:00:00,63999.99,64394.44,63551.9,63593.02,1669.96199,343557
2026-06-12 16:00:00,63593.02,63996.0,63510.16,63982.48,776.01025,226580
2026-06-12 17:00:00,63982.48,64111.1,63745.99,63865.44,456.29271,136089
2026-06-12 18:00:00,63865.45,63934.34,63686.0,63694.0,561.84193,129355
2026-06-12 19:00:00,63694.01,63830.93,63589.27,63589.27,462.65176,101591
2026-06-12 20:00:00,63589.28,63696.41,63400.0,63449.0,328.72463,95014
2026-06-12 21:00:00,63449.01,63624.62,63440.01,63472.0,330.50626,64100
2026-06-12 22:00:00,63471.99,63658.0,63471.99,63502.0,711.15075,76081
2026-06-12 23:00:00,63502.0,63580.01,63426.83,63580.01,409.24822,58933
2026-06-13 00:00:00,63580.0,63652.11,63507.39,63600.01,578.94188,60854
2026-06-13 01:00:00,63600.01,63840.0,63600.01,63837.89,509.63359,65923
2026-06-13 02:00:00,63837.88,63837.89,63558.0,63646.01,450.79285,56169
2026-06-13 03:00:00,63646.01,63720.88,63418.66,63532.0,268.55023,53464
2026-06-13 04:00:00,63532.0,63663.91,63484.0,63512.01,144.15296,42309
2026-06-13 05:00:00,63512.01,63596.0,63493.16,63584.03,658.62782,69594
2026-06-13 06:00:00,63584.03,63740.0,63550.51,63735.74,299.54013,42399
2026-06-13 07:00:00,63736.0,63883.47,63674.98,63846.0,436.97737,65554
2026-06-13 08:00:00,63845.99,63910.0,63766.18,63806.0,227.43934,50077
2026-06-13 09:00:00,63806.0,63867.65,63742.57,63743.12,301.95833,47455
2026-06-13 10:00:00,63743.13,63908.48,63726.57,63843.01,188.76787,50825
2026-06-13 11:00:00,63843.01,63984.53,63843.01,63971.28,479.05156,52612
2026-06-13 12:00:00,63971.28,64214.0,63921.33,64133.12,878.04841,73333
2026-06-13 13:00:00,64133.12,64245.88,64060.0,64102.69,499.73169,87468
2026-06-13 14:00:00,64102.61,64233.73,64090.09,64220.97,206.46033,54400
2026-06-13 15:00:00,64220.96,64350.0,64186.97,64296.15,584.92205,75246
2026-06-13 16:00:00,64296.15,64307.52,63920.05,64029.17,720.7481,115524
2026-06-13 17:00:00,64029.17,64120.0,63944.0,63971.19,301.75645,70427
2026-06-13 18:00:00,63971.2,64282.19,63971.19,64161.46,278.72154,56803
2026-06-13 19:00:00,64161.46,64333.62,64152.0,64296.59,308.7181,51650
2026-06-13 20:00:00,64296.59,64296.6,64226.83,64278.31,179.3189,38177
2026-06-13 21:00:00,64278.31,64762.77,64226.38,64471.04,552.39519,90869
2026-06-13 22:00:00,64471.04,64556.0,64383.61,64456.47,316.2712,61500
2026-06-13 23:00:00,64456.46,64596.99,64382.42,64458.01,589.21574,56377
2026-06-14 00:00:00,64458.01,64579.03,64380.7,64565.0,595.05205,63329
2026-06-14 01:00:00,64565.01,64710.0,64507.25,64563.0,821.19702,74962
2026-06-14 02:00:00,64563.0,64636.0,64476.01,64490.01,260.23317,40920
2026-06-14 03:00:00,64490.01,64545.4,64466.0,64545.3,155.67419,35537
2026-06-14 04:00:00,64545.3,64563.48,64325.61,64339.07,253.74802,39870
2026-06-14 05:00:00,64339.07,64411.2,64293.41,64338.0,429.46847,39743
2026-06-14 06:00:00,64338.0,64487.8,64232.12,64286.1,839.75348,77432
2026-06-14 07:00:00,64286.1,64445.95,64214.0,64429.39,256.82492,38351
2026-06-14 08:00:00,64429.39,64513.82,64392.0,64456.33,192.66954,34947
2026-06-14 09:00:00,64456.33,64617.99,64321.18,64616.0,237.3813,48596
2026-06-14 10:00:00,64616.0,64664.0,64498.01,64521.13,184.13016,41286
2026-06-14 11:00:00,64521.13,64641.9,64460.0,64546.0,228.11339,41163
2026-06-14 12:00:00,64546.01,64560.66,64295.06,64327.53,334.09454,51704
2026-06-14 13:00:00,64327.54,64398.14,64244.0,64317.99,308.61157,72148
2026-06-14 14:00:00,64318.0,64341.43,63866.66,63983.55,781.47067,122488
2026-06-14 15:00:00,63983.56,64153.75,63980.35,64025.07,366.74561,69486
2026-06-14 16:00:00,64025.06,64208.92,63936.0,63942.63,256.58722,65207
2026-06-14 17:00:00,63942.63,64019.38,63694.11,63732.64,617.57994,84100
2026-06-14 18:00:00,63732.65,63813.3,63678.83,63813.3,258.88821,58351
2026-06-14 19:00:00,63813.3,63861.86,63734.71,63802.0,107.594,41043
2026-06-14 20:00:00,63801.99,64092.4,63794.09,64008.64,243.2036,52955
2026-06-14 21:00:00,64008.64,65666.0,64007.24,65311.59,2955.01268,370664
2026-06-14 22:00:00,65311.59,65580.0,64946.12,65426.78,1554.15469,302247
2026-06-14 23:00:00,65426.78,65800.0,65256.21,65746.45,964.84531,194372
2026-06-15 00:00:00,65746.45,65923.0,65480.69,65625.99,1043.52596,175233
2026-06-15 01:00:00,65626.0,65734.87,65354.0,65525.0,855.38843,137154
2026-06-15 02:00:00,65525.01,65775.15,65415.02,65472.01,587.73145,96638
2026-06-15 03:00:00,65472.01,65995.0,65422.83,65927.1,767.65798,123001
2026-06-15 04:00:00,65927.11,65927.11,65633.28,65644.01,564.25779,79503
2026-06-15 05:00:00,65644.0,65872.0,65611.01,65858.01,477.26671,66485
2026-06-15 06:00:00,65858.0,65967.27,65775.45,65812.01,365.24859,71717
2026-06-15 07:00:00,65812.01,66000.0,65628.45,65674.76,574.31747,95605
2026-06-15 08:00:00,65674.76,65800.0,65620.0,65662.01,363.0048,68659
2026-06-15 09:00:00,65662.0,65779.5,65512.0,65596.86,344.30264,69955
2026-06-15 10:00:00,65596.86,65973.15,65584.37,65917.37,544.78922,79895
2026-06-15 11:00:00,65917.37,66385.12,65832.78,66233.9,1293.72734,225903
2026-06-15 12:00:00,66233.89,66600.91,66106.0,66563.49,987.26981,144746
2026-06-15 13:00:00,66563.48,66949.22,66412.0,66447.05,1919.26303,253336
2026-06-15 14:00:00,66447.06,66675.83,66251.58,66591.55,940.8464,154448
2026-06-15 15:00:00,66591.54,67292.15,66580.42,67292.14,1466.9579,199612
2026-06-15 16:00:00,67292.15,67292.15,67088.83,67157.99,1096.95936,179367
2026-06-15 17:00:00,67158.0,67158.0,66585.26,66851.79,1340.24388,167012
2026-06-15 18:00:00,66851.8,66933.86,66715.61,66766.12,590.69175,126652
2026-06-15 19:00:00,66766.13,66889.85,66348.0,66614.35,780.39583,169428
2026-06-15 20:00:00,66615.98,66681.3,66489.86,66519.98,339.47285,97772
2026-06-15 21:00:00,66519.99,66567.38,66314.34,66368.15,347.81382,92447
2026-06-15 22:00:00,66368.15,66476.64,66076.56,66206.34,520.15584,160615
2026-06-15 23:00:00,66206.34,66368.0,66116.59,66328.74,448.51217,105311
2026-06-16 00:00:00,66328.74,66463.26,66242.0,66250.0,457.62239,100700
2026-06-16 01:00:00,66250.0,66418.01,66248.93,66346.52,456.63949,82161
2026-06-16 02:00:00,66346.51,66367.69,65678.14,65741.99,964.73227,155977
2026-06-16 03:00:00,65742.0,66166.61,65650.0,66165.21,802.10485,94943
2026-06-16 04:00:00,66165.21,66301.83,65802.0,65840.09,694.50218,104123
2026-06-16 05:00:00,65840.1,66150.22,65840.09,66045.0,739.41945,81120
2026-06-16 06:00:00,66044.99,66572.99,66044.99,66446.0,556.56171,89508
2026-06-16 07:00:00,66446.01,66527.23,66300.1,66372.0,385.79165,83861
2026-06-16 08:00:00,66372.0,66992.0,66345.06,66899.61,688.96018,148871
2026-06-16 09:00:00,66899.61,66923.99,66474.74,66510.0,600.75927,129159
2026-06-16 10:00:00,66510.01,66778.0,66486.38,66514.0,387.22813,103524
2026-06-16 11:00:00,66514.01,66643.23,66368.36,66481.73,467.239,96607
2026-06-16 12:00:00,66481.73,66818.0,66368.0,66429.83,562.31913,182445
2026-06-16 13:00:00,66429.84,66463.13,65928.16,66052.0,1347.85119,244169
2026-06-16 14:00:00,66052.01,66265.8,65360.92,65654.9,1491.76291,314094
2026-06-16 15:00:00,65654.9,65999.78,65614.3,65859.76,788.81576,205643
2026-06-16 16:00:00,65859.76,65953.97,65706.0,65758.07,338.72091,122815
2026-06-16 17:00:00,65758.07,66011.47,65710.34,65978.79,383.38742,105857
2026-06-16 18:00:00,65978.78,66248.69,65802.0,65847.99,522.72648,130649
2026-06-16 19:00:00,65848.0,65848.0,65560.0,65675.88,617.37667,128248
2026-06-16 20:00:00,65675.89,65865.92,65592.0,65854.0,261.11445,70933
2026-06-16 21:00:00,65854.0,65938.0,65654.9,65776.97,351.42219,64306
2026-06-16 22:00:00,65776.97,65882.0,65680.0,65780.0,228.62751,63107
2026-06-16 23:00:00,65780.01,65834.19,65626.9,65675.01,206.37282,61809
2026-06-17 00:00:00,65675.02,65848.0,65675.02,65700.0,332.30374,74923
2026-06-17 01:00:00,65700.0,65956.56,65477.5,65940.0,549.42502,119047
2026-06-17 02:00:00,65940.0,66200.0,65788.0,65904.0,974.93815,119631
2026-06-17 03:00:00,65903.99,65904.0,65703.45,65851.99,563.57309,70220
2026-06-17 04:00:00,65852.0,66048.19,65788.31,65892.0,473.33682,56980
2026-06-17 05:00:00,65892.01,65978.0,65746.51,65836.3,536.04504,61396
2026-06-17 06:00:00,65836.3,65896.45,65582.63,65624.0,378.80773,67028
2026-06-17 07:00:00,65624.01,65710.0,65251.0,65539.5,697.28548,118679
2026-06-17 08:00:00,65539.51,65574.0,64833.07,64926.02,992.25057,143396
2026-06-17 09:00:00,64926.02,65076.76,64842.01,64909.44,859.97592,91669
2026-06-17 10:00:00,64909.44,64993.97,64768.0,64798.0,597.7384,106385
2026-06-17 11:00:00,64798.0,64868.21,64565.0,64810.01,641.24645,142704
2026-06-17 12:00:00,64810.01,65108.0,64590.53,65040.88,557.73466,141626
2026-06-17 13:00:00,65040.88,65369.53,64850.0,65278.0,961.56723,188583
2026-06-17 14:00:00,65278.0,65461.38,64772.72,65101.45,799.61288,241637
2026-06-17 15:00:00,65101.45,65855.66,64987.74,65752.0,1172.17515,214464
2026-06-17 16:00:00,65751.99,66445.93,65722.0,65864.12,1421.90632,248191
2026-06-17 17:00:00,65864.13,66191.98,65800.0,66104.08,377.59846,137823
2026-06-17 18:00:00,66107.99,66107.99,64800.0,65516.0,2242.57142,526846
2026-06-17 19:00:00,65516.0,65666.0,63998.35,64301.85,2173.5643,514012
2026-06-17 20:00:00,64301.85,64488.96,64181.33,64434.36,504.85432,180344
2026-06-17 21:00:00,64434.36,64452.0,64142.0,64257.77,458.08471,119924
2026-06-17 22:00:00,64257.77,64434.84,63915.77,64300.01,492.23769,145409
2026-06-17 23:00:00,64300.01,64529.2,64248.0,64509.4,289.82054,102206
2026-06-18 00:00:00,64509.4,64702.0,64457.67,64468.01,396.7915,108439
2026-06-18 01:00:00,64468.01,64806.0,64466.3,64548.74,382.95414,106630
2026-06-18 02:00:00,64548.75,64776.66,64488.0,64689.5,323.93999,82799
2026-06-18 03:00:00,64689.5,64689.5,64267.86,64282.82,548.57792,93807
2026-06-18 04:00:00,64282.82,64347.09,63826.93,63883.41,831.20199,175593
2026-06-18 05:00:00,63883.26,64020.0,63696.29,63994.0,597.91477,143720
2026-06-18 06:00:00,63994.0,64134.33,63850.0,64083.41,767.55142,97665
2026-06-18 07:00:00,64084.0,64510.5,64015.42,64510.44,524.85633,97302
2026-06-18 08:00:00,64510.45,64646.75,64378.25,64399.92,714.20438,106080
2026-06-18 09:00:00,64399.93,64478.0,64196.14,64199.53,300.31875,84227
2026-06-18 10:00:00,64199.53,64223.79,63910.0,64078.61,445.57306,105015
2026-06-18 11:00:00,64078.61,64196.0,63878.14,63974.4,378.00473,94902
2026-06-18 12:00:00,63974.4,64402.01,63922.0,64378.07,417.60478,121658
2026-06-18 13:00:00,64378.06,64445.19,63800.0,63984.0,984.80789,226901
2026-06-18 14:00:00,63983.99,64203.66,63587.3,63816.61,998.41474,297660
2026-06-18 15:00:00,63816.61,63825.99,62293.76,62369.44,2793.66043,475039
2026-06-18 16:00:00,62369.43,62814.0,62349.42,62688.0,1271.71361,263533
2026-06-18 17:00:00,62688.0,62750.0,62272.07,62606.0,1003.68212,198226
2026-06-18 18:00:00,62606.0,62959.75,62580.01,62708.92,727.06223,179488
2026-06-18 19:00:00,62708.93,63008.33,62636.0,62950.79,577.63764,139167
2026-06-18 20:00:00,62950.79,63274.19,62950.79,63086.0,684.93429,136414
2026-06-18 21:00:00,63086.0,63121.81,62870.39,62971.32,466.34172,90438
2026-06-18 22:00:00,62971.32,62990.0,62742.0,62885.85,290.36064,66089
2026-06-18 23:00:00,62885.84,62985.12,62756.6,62958.01,507.48754,83139
2026-06-19 00:00:00,62958.01,63086.0,62840.0,63020.0,786.22825,88062
2026-06-19 01:00:00,63020.0,63100.0,62852.01,63021.86,542.43308,94953
2026-06-19 02:00:00,63021.86,63110.29,62893.71,63006.0,304.818,70828
2026-06-19 03:00:00,63006.01,63029.64,62386.9,62773.51,835.4402,142753
2026-06-19 04:00:00,62773.52,62916.66,62409.55,62452.01,390.96231,118665
2026-06-19 05:00:00,62452.01,62744.92,62452.0,62739.2,361.83315,92897
2026-06-19 06:00:00,62739.2,62914.73,62728.0,62894.08,252.94439,75455
2026-06-19 07:00:00,62894.09,62917.32,62504.27,62629.99,636.21109,116470
2026-06-19 08:00:00,62630.0,62782.0,62533.33,62603.99,431.84041,83540
2026-06-19 09:00:00,62604.0,62654.0,62316.44,62390.0,921.6732,130175
2026-06-19 10:00:00,62390.01,62587.27,62383.76,62533.25,761.99981,119390
2026-06-19 11:00:00,62533.24,62684.0,62452.52,62626.0,1001.15104,90447
2026-06-19 12:00:00,62626.0,62872.99,62353.0,62830.01,630.52118,131646
2026-06-19 13:00:00,62830.01,63415.0,62666.0,63210.0,1078.35943,192948
2026-06-19 14:00:00,63210.0,63419.27,63010.0,63203.53,665.42698,197338
2026-06-19 15:00:00,63203.54,63283.86,63019.26,63214.01,527.206,156194
2026-06-19 16:00:00,63214.01,63387.8,62918.98,62971.99,1021.4111,164858
2026-06-19 17:00:00,62972.0,63263.49,62866.99,63198.01,840.75861,155816
2026-06-19 18:00:00,63198.0,63201.95,62991.37,63110.01,341.96414,90956
2026-06-19 19:00:00,63110.01,63140.0,62942.0,63021.6,283.46164,73876
2026-06-19 20:00:00,63021.6,63274.0,62958.59,63250.01,217.92541,69458
2026-06-19 21:00:00,63250.01,63275.64,63060.0,63075.98,181.69443,63376
2026-06-19 22:00:00,63075.99,63369.48,63048.0,63315.28,541.93138,65858
2026-06-19 23:00:00,63315.29,63666.0,63276.0,63543.91,689.22877,85959
2026-06-20 00:00:00,63543.9,63777.0,63470.0,63530.01,640.14667,121182
2026-06-20 01:00:00,63530.01,63616.23,63404.0,63586.28,348.64849,71942
2026-06-20 02:00:00,63586.27,63586.27,63336.01,63340.57,358.87789,68463
2026-06-20 03:00:00,63340.58,63510.0,63320.14,63476.79,268.88477,51020
2026-06-20 04:00:00,63476.79,63613.59,63402.0,63583.53,228.62975,49082
2026-06-20 05:00:00,63583.53,63907.07,63543.46,63678.07,477.24749,100201
2026-06-20 06:00:00,63678.07,63761.99,63640.36,63744.61,191.88822,48178
2026-06-20 07:00:00,63744.61,63800.0,63594.37,63655.21,448.4829,70422
2026-06-20 08:00:00,63655.21,63664.39,63392.41,63417.97,547.04803,70209
2026-06-20 09:00:00,63417.98,63787.74,63417.98,63741.16,349.02093,69048
2026-06-20 10:00:00,63741.16,63777.5,63592.44,63674.7,270.1692,47278
2026-06-20 11:00:00,63674.71,63798.76,63620.74,63688.0,315.13807,43646
2026-06-20 12:00:00,63688.0,63785.76,63537.99,63655.09,292.10361,54586
2026-06-20 13:00:00,63655.1,63655.1,63278.0,63397.78,412.69589,91173
2026-06-20 14:00:00,63397.77,64150.0,63184.21,63949.9,1101.98952,196432
2026-06-20 15:00:00,63949.9,64388.0,63836.0,64160.04,916.57166,198394
2026-06-20 16:00:00,64160.04,64167.26,63902.58,64034.31,403.42996,124149
2026-06-20 17:00:00,64034.31,64041.07,63730.21,63834.7,482.18112,127375
2026-06-20 18:00:00,63834.7,63928.4,63788.0,63805.89,119.99479,48309
2026-06-20 19:00:00,63805.9,63968.0,63798.0,63936.0,173.41555,54582
2026-06-20 20:00:00,63935.99,63981.09,63853.31,63925.99,210.00109,43754
2026-06-20 21:00:00,63926.0,64092.91,63918.29,64012.4,272.00511,70462
2026-06-20 22:00:00,64012.39,64350.0,63978.12,64272.01,446.43904,99128
2026-06-20 23:00:00,64272.0,64336.91,64250.02,64298.01,247.09349,51066
2026-06-21 00:00:00,64298.01,64322.91,64237.31,64294.0,425.19081,42158
2026-06-21 01:00:00,64294.0,64323.68,64206.17,64248.0,486.06931,50456
2026-06-21 02:00:00,64248.0,64275.12,64216.05,64241.25,230.0633,40822
2026-06-21 03:00:00,64241.26,64472.99,64234.0,64426.0,409.22163,73844
2026-06-21 04:00:00,64426.0,64588.0,64269.45,64276.12,379.39058,76698
2026-06-21 05:00:00,64276.12,64365.43,64225.6,64256.55,166.55047,44167
2026-06-21 06:00:00,64256.56,64323.99,64200.0,64303.46,142.55901,33110
2026-06-21 07:00:00,64303.47,64303.47,64173.08,64191.07,302.97907,38924
2026-06-21 08:00:00,64191.06,64228.0,63900.17,64014.0,328.07237,62260
2026-06-21 09:00:00,64014.0,64246.0,63961.28,64209.16,221.03822,50891
2026-06-21 10:00:00,64209.16,64408.0,64204.0,64365.99,286.23088,56345
2026-06-21 11:00:00,64366.0,64483.95,64112.01,64176.0,438.27788,109353
2026-06-21 12:00:00,64176.0,64235.13,63952.0,64200.0,359.32606,83105
2026-06-21 13:00:00,64200.0,64200.0,64020.01,64146.0,161.65202,53393
2026-06-21 14:00:00,64146.0,64154.0,64004.0,64145.97,189.32902,54464
2026-06-21 15:00:00,64145.97,64355.88,64120.0,64224.0,390.79222,70360
2026-06-21 16:00:00,64224.0,64254.38,64046.0,64145.31,236.79134,74742
2026-06-21 17:00:00,64145.32,64221.44,64080.0,64151.46,205.04149,44315
2026-06-21 18:00:00,64151.47,64240.0,63933.47,64213.81,270.92869,83745
2026-06-21 19:00:00,64213.82,64298.84,64168.73,64207.12,189.28721,47493
2026-06-21 20:00:00,64207.13,64271.21,63700.0,63848.0,420.72845,86417
2026-06-21 21:00:00,63848.0,63969.59,63510.0,63808.01,752.88497,157591
2026-06-21 22:00:00,63808.0,63864.0,63575.04,63801.59,437.50041,144112
2026-06-21 23:00:00,63801.6,63801.6,63270.0,63311.99,604.75792,189529
2026-06-22 00:00:00,63312.0,64094.0,63312.0,63896.01,709.82748,193115
2026-06-22 01:00:00,63896.0,64823.52,63850.8,64606.0,1331.90666,281614
2026-06-22 02:00:00,64606.0,64663.99,64250.0,64257.99,370.38632,118103
2026-06-22 03:00:00,64258.0,64459.44,63894.98,63974.01,796.48727,177126
2026-06-22 04:00:00,63974.01,64116.44,63868.41,64100.02,327.45142,108093
2026-06-22 05:00:00,64100.01,64344.17,64088.64,64247.74,1091.63692,90148
2026-06-22 06:00:00,64247.74,64326.0,63946.0,63989.95,416.9007,83718
2026-06-22 07:00:00,63989.96,64397.57,63968.23,64211.19,352.4108,102279
2026-06-22 08:00:00,64211.2,64350.58,64044.0,64165.99,368.11506,98857
2026-06-22 09:00:00,64166.0,64256.2,64052.17,64145.39,200.06309,81031
2026-06-22 10:00:00,64145.4,64272.0,64065.18,64139.21,240.0862,68334
2026-06-22 11:00:00,64139.21,64768.46,64097.08,64657.22,1063.60877,197181
2026-06-22 12:00:00,64657.22,65222.45,64579.08,65149.57,1156.05989,216079
2026-06-22 13:00:00,65149.58,65589.76,64945.53,65578.0,1368.64481,291784
2026-06-22 14:00:00,65577.99,65622.83,64835.0,64980.39,1096.28772,264085
2026-06-22 15:00:00,64980.39,65146.0,64757.11,64836.95,593.12998,171125
2026-06-22 16:00:00,64836.95,64862.0,64519.0,64719.77,680.43904,172437
2026-06-22 17:00:00,64719.77,64769.98,64388.16,64602.0,523.74444,128027
2026-06-22 18:00:00,64602.0,64730.15,64311.0,64334.01,548.78709,119770
2026-06-22 19:00:00,64334.01,64499.28,64276.0,64472.0,579.92511,132093
2026-06-22 20:00:00,64472.51,64659.43,64356.95,64433.8,399.51938,76929
2026-06-22 21:00:00,64433.8,64480.0,64134.39,64320.57,263.4342,74523
2026-06-22 22:00:00,64320.57,64396.45,63804.59,63971.12,510.07647,172831
2026-06-22 23:00:00,63971.13,64053.33,63877.61,64020.01,434.17969,102055
2026-06-23 00:00:00,64020.01,64162.02,63828.93,64154.99,679.20038,118491
2026-06-23 01:00:00,64154.99,64273.09,63893.33,64156.0,540.18098,124343
2026-06-23 02:00:00,64156.0,64275.38,64042.01,64204.01,319.7542,87249
2026-06-23 03:00:00,64204.01,64204.01,63968.42,64065.35,236.76285,81917
2026-06-23 04:00:00,64065.34,64095.55,63612.62,63623.02,408.1299,96720
2026-06-23 05:00:00,63623.03,63728.0,63342.34,63400.0,850.99416,149121
2026-06-23 06:00:00,63400.0,63400.0,62568.9,62936.01,1620.65692,256650
2026-06-23 07:00:00,62936.01,63095.0,62872.0,62886.03,1074.96381,151861
2026-06-23 08:00:00,62886.04,62945.08,61938.0,62385.99,4988.90507,339405
2026-06-23 09:00:00,62386.0,62528.13,62350.44,62386.0,613.23414,108836
2026-06-23 10:00:00,62386.0,62586.0,62247.2,62328.01,387.47153,102104
2026-06-23 11:00:00,62328.01,62643.99,62328.0,62507.06,456.80185,113839
2026-06-23 12:00:00,62507.05,62558.0,62189.42,62256.6,873.94501,154190
2026-06-23 13:00:00,62256.61,62538.72,61960.0,62475.99,1294.09387,315624
2026-06-23 14:00:00,62476.0,62855.98,62406.25,62493.63,1302.27666,289302
2026-06-23 15:00:00,62493.63,62507.99,62198.0,62487.79,630.16435,187282
2026-06-23 16:00:00,62487.79,62846.0,62428.01,62558.0,728.22737,177635
2026-06-23 17:00:00,62558.0,62693.48,62327.95,62358.02,533.28034,140095
2026-06-23 18:00:00,62358.03,62445.21,62104.7,62241.99,492.79838,123415
2026-06-23 19:00:00,62242.0,62480.0,62230.0,62388.49,707.45732,138899
2026-06-23 20:00:00,62388.49,62531.27,62380.25,62470.7,373.02429,86863
2026-06-23 21:00:00,62470.7,62658.93,62470.7,62599.77,367.76027,83258
2026-06-23 22:00:00,62599.77,62779.82,62526.0,62590.0,430.92568,107234
2026-06-23 23:00:00,62590.0,62799.99,62480.39,62734.57,311.98359,91857
2026-06-24 00:00:00,62734.57,63024.4,62733.29,63014.0,799.18478,126385
2026-06-24 01:00:00,63014.0,63119.45,62772.15,62932.19,599.06927,136982
2026-06-24 02:00:00,62932.19,63013.12,62606.09,62630.0,593.50541,124507
2026-06-24 03:00:00,62630.01,62830.0,62461.87,62729.78,770.64134,136887
2026-06-24 04:00:00,62729.78,62799.62,62525.49,62744.42,650.06924,100974
2026-06-24 05:00:00,62744.41,63073.44,62706.0,62890.0,366.0273,80735
2026-06-24 06:00:00,62889.99,62909.98,62728.73,62780.0,219.5109,61306
2026-06-24 07:00:00,62780.01,62844.0,62610.11,62657.99,589.75592,100614
2026-06-24 08:00:00,62658.0,62807.46,62605.28,62800.0,475.30761,78571
2026-06-24 09:00:00,62800.0,62800.01,62637.08,62681.7,493.71643,98629
2026-06-24 10:00:00,62681.7,62681.7,62412.05,62445.99,530.71886,107683
2026-06-24 11:00:00,62445.99,63239.06,62318.88,62921.19,815.18681,185767
2026-06-24 12:00:00,62921.19,62973.2,62585.2,62618.31,517.25346,138429
2026-06-24 13:00:00,62618.31,62628.75,61255.74,61338.01,2775.24015,555656
2026-06-24 14:00:00,61338.0,61456.0,60888.0,61113.1,2839.40106,428336
2026-06-24 15:00:00,61113.1,61150.13,60249.82,60250.0,3237.99155,385003
2026-06-24 16:00:00,60250.0,60678.1,59622.0,59850.0,4274.39737,480937
2026-06-24 17:00:00,59850.0,60057.18,59102.7,59404.0,3790.1806,583539
2026-06-24 18:00:00,59404.0,59930.0,59310.85,59599.99,1583.51728,393229
2026-06-24 19:00:00,59600.0,60000.0,59530.0,59958.3,1195.52715,259015
2026-06-24 20:00:00,59958.3,61208.48,59854.0,60956.0,1821.39287,393703
2026-06-24 21:00:00,60956.0,61144.63,60665.75,61110.0,801.00882,167542
2026-06-24 22:00:00,61109.99,61276.0,60802.66,60873.99,523.65642,134255
2026-06-24 23:00:00,60874.0,61112.0,60830.01,61077.99,416.02483,108847
2026-06-25 00:00:00,61078.0,61163.16,60726.77,60832.0,766.62145,159399
2026-06-25 01:00:00,60832.0,60988.0,60720.23,60928.0,615.84376,123199
2026-06-25 02:00:00,60928.0,60966.0,60700.01,60799.08,580.03112,107838
2026-06-25 03:00:00,60799.08,60910.63,60684.94,60883.65,479.47033,97929
2026-06-25 04:00:00,60883.66,61410.0,60792.0,61357.63,536.03927,112120
2026-06-25 05:00:00,61357.63,61807.04,61280.0,61600.01,1223.4059,211271
2026-06-25 06:00:00,61600.02,61869.02,61600.01,61732.06,539.2877,123079
2026-06-25 07:00:00,61732.06,61962.4,61670.0,61911.04,937.71339,139142
2026-06-25 08:00:00,61911.03,61920.0,61684.87,61712.35,337.43778,69156
2026-06-25 09:00:00,61712.36,61792.0,61614.32,61739.29,327.48572,85587
2026-06-25 10:00:00,61739.29,61751.07,61257.79,61269.94,686.26895,100210
2026-06-25 11:00:00,61269.95,61422.52,61066.0,61282.01,605.95603,142115
2026-06-25 12:00:00,61282.0,61761.35,61080.0,61244.01,1124.99959,203749
2026-06-25 13:00:00,61244.01,61369.18,58115.01,58290.17,6396.00513,711570
2026-06-25 14:00:00,58291.7,60485.51,58291.7,59471.5,6002.27451,918698
2026-06-25 15:00:00,59471.49,59655.86,58874.85,59557.99,2456.01373,571282
2026-06-25 16:00:00,59557.99,60067.0,59157.63,59312.64,1765.10919,402710
2026-06-25 17:00:00,59312.64,59740.9,59139.96,59676.01,1062.87634,306502
2026-06-25 18:00:00,59676.0,59793.34,59364.0,59512.71,978.75101,271117
2026-06-25 19:00:00,59512.71,59516.0,59168.82,59320.0,917.28893,220627
2026-06-25 20:00:00,59319.99,59741.95,59319.99,59456.62,539.40098,174692
2026-06-25 21:00:00,59456.62,60273.81,59452.01,60211.87,617.22274,158340
2026-06-25 22:00:00,60211.86,60211.86,59740.0,59851.27,431.60976,145058
2026-06-25 23:00:00,59851.27,60191.55,59739.99,59794.0,458.89363,127885
2026-06-26 00:00:00,59794.64,59906.71,59642.77,59667.09,875.61527,162674
2026-06-26 01:00:00,59667.09,59789.07,59228.0,59431.5,833.71293,202581
2026-06-26 02:00:00,59431.49,59456.0,58358.77,58561.99,2633.6835,452610
2026-06-26 03:00:00,58562.0,60131.37,58337.0,60036.01,1886.07235,405660
2026-06-26 04:00:00,60036.0,60238.77,59836.17,59920.47,843.9784,213990
2026-06-26 05:00:00,59920.47,60047.68,59736.0,59953.3,883.13649,188170
2026-06-26 06:00:00,59953.3,60459.55,59702.0,60324.0,1504.97927,234388
2026-06-26 07:00:00,60324.0,60759.99,60283.08,60532.0,2153.07079,229646
2026-06-26 08:00:00,60532.0,60580.0,60150.56,60245.67,803.85464,177708
2026-06-26 09:00:00,60245.9,60259.37,59583.33,59736.01,832.22202,193497
2026-06-26 10:00:00,59736.01,59858.93,59239.78,59313.26,1050.97441,210687
2026-06-26 11:00:00,59313.26,59588.0,59259.78,59413.24,1048.3329,225697
2026-06-26 12:00:00,59413.24,60007.91,58969.9,59185.02,1710.35381,391882
2026-06-26 13:00:00,59185.02,60216.14,58500.1,60175.43,2730.33879,614901
2026-06-26 14:00:00,60175.42,60294.0,59390.0,59590.73,1745.27867,495443
2026-06-26 15:00:00,59590.73,60500.0,59584.01,60328.32,1582.87088,372943
2026-06-26 16:00:00,60328.18,60583.0,59970.0,60041.75,1128.46917,298153
2026-06-26 17:00:00,60041.76,60287.9,59952.0,60023.97,546.63522,201851
2026-06-26 18:00:00,60023.96,60158.0,59556.0,59668.01,504.21141,159873
2026-06-26 19:00:00,59668.01,60098.0,59617.37,59751.97,708.47753,194888
2026-06-26 20:00:00,59751.96,59994.0,59571.31,59718.0,454.05927,156305
2026-06-26 21:00:00,59717.99,60050.0,59678.0,59918.7,287.90036,93981
2026-06-26 22:00:00,59918.7,60080.0,59754.0,60048.0,335.92054,79936
2026-06-26 23:00:00,60048.0,60117.64,59923.27,60097.27,319.40861,61670
2026-06-27 00:00:00,60097.27,60197.0,59876.22,60059.07,360.77885,73424
2026-06-27 01:00:00,60059.09,60068.0,59936.07,59945.53,245.35114,50580
2026-06-27 02:00:00,59945.53,60378.23,59921.68,60290.01,695.38686,101215
2026-06-27 03:00:00,60290.01,60412.0,60159.91,60305.73,438.61125,81504
2026-06-27 04:00:00,60305.73,60482.0,60217.26,60239.99,303.30454,58443
2026-06-27 05:00:00,60240.0,60311.0,60136.0,60236.76,444.9193,53952
2026-06-27 06:00:00,60236.75,60500.0,60093.33,60370.62,581.81791,77151
2026-06-27 07:00:00,60370.63,60574.0,60300.0,60548.07,825.68653,77214
2026-06-27 08:00:00,60548.06,60548.74,60371.62,60456.0,470.55782,61408
2026-06-27 09:00:00,60456.0,60511.99,60289.55,60414.62,307.96541,58356
2026-06-27 10:00:00,60414.62,60487.31,60380.0,60420.28,137.8511,36219
2026-06-27 11:00:00,60420.28,60447.8,60198.94,60363.65,275.39332,63360
2026-06-27 12:00:00,60363.65,60430.01,60257.03,60430.0,349.0457,63530
2026-06-27 13:00:00,60430.0,60665.74,60394.0,60588.35,434.13389,81761
2026-06-27 14:00:00,60588.35,60728.0,60510.0,60611.5,306.64293,76540
2026-06-27 15:00:00,60611.49,60941.17,60570.0,60840.06,606.25294,112401
2026-06-27 16:00:00,60840.06,60855.03,60673.64,60807.99,239.6938,65163
2026-06-27 17:00:00,60808.0,60818.76,60413.15,60524.88,548.67896,106011
2026-06-27 18:00:00,60524.89,60576.03,60446.25,60570.86,229.00634,60414
2026-06-27 19:00:00,60570.86,60605.41,60085.88,60175.95,414.61342,100858
2026-06-27 20:00:00,60175.95,60306.0,60173.07,60300.0,220.12001,44005
2026-06-27 21:00:00,60300.0,60482.18,60142.0,60203.82,280.50282,69861
2026-06-27 22:00:00,60203.83,60256.56,59855.16,60228.95,377.17485,107848
2026-06-27 23:00:00,60228.96,60320.0,59952.0,60029.0,493.73947,82198
2026-06-28 00:00:00,60029.01,60190.0,60018.0,60146.0,462.24707,57776
2026-06-28 01:00:00,60146.0,60273.38,59986.0,60222.22,267.56528,57460
2026-06-28 02:00:00,60222.21,60339.99,60054.0,60150.45,403.64282,52472
2026-06-28 03:00:00,60150.46,60275.0,60150.45,60197.04,255.71231,41734
2026-06-28 04:00:00,60197.03,60231.83,60088.04,60133.0,191.50597,38129
2026-06-28 05:00:00,60133.01,60140.0,59753.48,59989.17,345.08439,89588
2026-06-28 06:00:00,59989.18,60030.0,59808.0,60002.82,217.95005,54274
2026-06-28 07:00:00,60002.82,60259.68,60000.0,60219.99,361.83587,57588
2026-06-28 08:00:00,60220.0,60545.01,60140.14,60370.0,491.6084,89011
2026-06-28 09:00:00,60370.01,60462.0,60250.81,60258.84,222.4062,65409
2026-06-28 10:00:00,60258.85,60292.48,60068.0,60166.71,181.18756,55672
2026-06-28 11:00:00,60166.71,60374.05,60100.0,60342.0,225.05378,64366
2026-06-28 12:00:00,60341.99,60457.02,60190.0,60293.51,212.9354,76679
2026-06-28 13:00:00,60293.5,60293.51,59963.86,60071.88,369.88204,109537
2026-06-28 14:00:00,60071.89,60250.0,60018.0,60033.0,318.13606,89124
2026-06-28 15:00:00,60033.01,60130.0,59817.28,59890.0,467.03244,110970
2026-06-28 16:00:00,59890.35,59943.9,59582.34,59690.62,567.70369,169266
2026-06-28 17:00:00,59690.62,59848.0,59403.77,59586.01,519.06441,134230
2026-06-28 18:00:00,59586.0,59700.0,59502.0,59614.46,272.01169,80769
2026-06-28 19:00:00,59614.46,59682.0,59270.26,59481.79,301.99561,111748
2026-06-28 20:00:00,59481.78,59765.9,59474.28,59660.0,227.14803,73816
2026-06-28 21:00:00,59660.0,59796.66,59333.33,59445.95,531.65984,107732
2026-06-28 22:00:00,59445.96,59906.0,58905.0,59067.01,983.67622,328293
2026-06-28 23:00:00,59067.0,59848.0,59011.99,59577.01,510.09283,183589
2026-06-29 00:00:00,59577.01,59700.0,59000.01,59667.01,549.31747,282153
2026-06-29 01:00:00,59667.0,59697.0,59206.0,59440.95,647.05387,193757
2026-06-29 02:00:00,59440.95,59812.0,58900.01,59757.46,1223.86338,235363
2026-06-29 03:00:00,59757.47,60233.0,59757.47,60049.46,780.88525,203300
2026-06-29 04:00:00,60049.45,60053.99,59746.0,59830.0,361.46912,119825
2026-06-29 05:00:00,59830.01,60102.8,59392.02,60102.8,496.75535,186560
2026-06-29 06:00:00,60102.8,60346.27,60050.67,60075.49,683.16036,157840
2026-06-29 07:00:00,60075.5,60186.94,59936.0,60026.0,536.94262,98981
2026-06-29 08:00:00,60026.01,60093.99,59745.46,59840.0,550.67382,147264
2026-06-29 09:00:00,59840.01,60104.0,59778.76,60057.0,747.08903,150655
2026-06-29 10:00:00,60057.0,60311.95,60056.99,60088.0,441.90219,124532
2026-06-29 11:00:00,60088.0,60216.0,59796.0,59956.05,515.67042,145365
2026-06-29 12:00:00,59956.05,60780.57,59595.09,59948.78,2600.10754,457311
2026-06-29 13:00:00,59948.79,60340.0,59319.9,59580.0,2144.2543,436186
2026-06-29 14:00:00,59580.0,59699.99,59011.0,59469.67,1999.07246,516828
2026-06-29 15:00:00,59469.45,59960.0,59097.58,59824.01,1368.0568,316394
2026-06-29 16:00:00,59824.01,60030.0,59584.48,59892.86,663.03532,203889
2026-06-29 17:00:00,59892.87,60683.84,59892.0,60413.99,1795.75633,291079
2026-06-29 18:00:00,60413.99,60520.0,60193.87,60295.0,525.48841,136627
2026-06-29 19:00:00,60295.0,60557.5,60153.35,60433.49,501.01522,145050
2026-06-29 20:00:00,60433.5,60553.06,60295.32,60296.0,312.86249,106341
2026-06-29 21:00:00,60296.01,60585.99,60261.89,60479.72,294.76243,80099
2026-06-29 22:00:00,60479.71,60516.0,60350.0,60352.31,211.76202,79380
2026-06-29 23:00:00,60352.31,60379.23,60194.01,60260.21,252.18558,69557
2026-06-30 00:00:00,60260.2,60276.54,59700.0,59838.01,709.83194,166905
2026-06-30 01:00:00,59838.01,60048.98,59771.0,59939.94,341.19535,122426
2026-06-30 02:00:00,59939.94,60042.54,59755.0,59948.24,424.27619,70631
2026-06-30 03:00:00,59948.24,60031.75,59600.0,59627.48,381.85931,97355
2026-06-30 04:00:00,59627.47,59700.0,59433.36,59492.01,774.8482,124442
2026-06-30 05:00:00,59492.01,59656.89,59360.0,59652.13,807.92024,99061
2026-06-30 06:00:00,59652.13,59712.88,59513.72,59592.0,708.76994,97993
2026-06-30 07:00:00,59592.0,59632.0,59444.0,59524.01,762.40668,112318
2026-06-30 08:00:00,59524.01,59551.03,59189.0,59311.92,879.64073,156155
2026-06-30 09:00:00,59311.26,59420.0,59252.0,59374.96,442.65865,88435
2026-06-30 10:00:00,59374.96,59420.0,59286.36,59334.01,300.40182,77718
2026-06-30 11:00:00,59334.01,59413.27,59123.01,59192.7,466.77156,119743
2026-06-30 12:00:00,59192.71,59192.71,58403.51,58412.0,2043.39825,281566
2026-06-30 13:00:00,58411.99,58802.66,58228.33,58737.18,2504.50868,405820
2026-06-30 14:00:00,58737.17,59276.6,58433.0,58482.81,1779.99006,393176
2026-06-30 15:00:00,58482.81,58796.0,58201.0,58381.99,1563.15031,330146
2026-06-30 16:00:00,58382.0,58632.0,58241.79,58497.65,1178.89718,205422
2026-06-30 17:00:00,58497.65,58618.65,58310.72,58417.99,632.53618,164320
2026-06-30 18:00:00,58417.99,58699.98,58351.56,58680.87,605.07781,158375
2026-06-30 19:00:00,58680.86,58839.16,58586.01,58818.05,678.6415,160151
2026-06-30 20:00:00,58818.0,58874.99,58648.26,58732.01,428.82351,107496
2026-06-30 21:00:00,58732.0,58770.0,58509.99,58639.99,398.14222,106726
2026-06-30 22:00:00,58639.99,58806.91,58513.8,58607.99,274.43078,82205
2026-06-30 23:00:00,58607.99,58664.0,58555.0,58624.71,551.65078,76224
2026-07-01 00:00:00,58624.71,58750.68,58310.0,58576.0,670.64661,123702
2026-07-01 01:00:00,58575.99,59022.81,57800.19,58770.57,2987.12539,416892
2026-07-01 02:00:00,58770.58,59171.63,58663.95,59085.0,692.74758,168468
2026-07-01 03:00:00,59085.0,59318.0,58850.0,59197.13,715.44075,133321
2026-07-01 04:00:00,59197.12,59457.0,59062.0,59339.99,480.11636,117699
2026-07-01 05:00:00,59339.99,59376.48,59126.42,59154.33,432.30487,87493
2026-07-01 06:00:00,59154.33,59156.0,58534.31,58755.8,794.13401,149912
2026-07-01 07:00:00,58755.8,58823.9,58600.0,58768.65,479.85852,107430
2026-07-01 08:00:00,58768.64,58984.0,58500.0,58973.99,381.93254,108372
2026-07-01 09:00:00,58973.99,59091.99,58825.61,58944.55,417.79405,82562
2026-07-01 10:00:00,58944.55,58948.47,58624.0,58659.98,405.70309,92010
2026-07-01 11:00:00,58659.97,58755.9,58550.0,58622.03,396.69177,107085
2026-07-01 12:00:00,58622.02,58676.0,58326.0,58538.01,1716.61119,181350
2026-07-01 13:00:00,58538.0,59508.0,58536.0,59498.03,2321.79547,348767
2026-07-01 14:00:00,59498.03,60092.0,59278.0,59542.0,3726.2091,406148
2026-07-01 15:00:00,59541.99,60536.55,59520.51,60147.15,2322.06211,312603
2026-07-01 16:00:00,60147.15,60267.17,59865.75,59920.0,862.80045,147024
2026-07-01 17:00:00,59920.0,60239.84,59787.35,60190.6,480.08928,136501
2026-07-01 18:00:00,60190.59,60298.0,60016.4,60171.16,343.31457,116599
2026-07-01 19:00:00,60171.16,60352.93,60000.0,60028.67,548.14825,114860
2026-07-01 20:00:00,60029.39,60198.0,59876.0,60126.0,313.10277,98507
2026-07-01 21:00:00,60126.0,60846.95,60124.89,60815.99,1153.57611,194215
2026-07-01 22:00:00,60815.99,61334.0,60339.0,60478.01,1877.61599,253429
2026-07-01 23:00:00,60478.0,60478.0,59984.86,60024.0,573.62579,161900
2026-07-02 00:00:00,60024.0,60028.0,59588.0,59761.73,857.93081,152090
2026-07-02 01:00:00,59761.74,60324.99,59715.8,60175.92,634.42084,145831
2026-07-02 02:00:00,60175.91,60495.24,60015.68,60423.1,520.9397,125111
2026-07-02 03:00:00,60423.11,61121.78,60300.02,61058.0,891.65369,166708
2026-07-02 04:00:00,61057.99,61058.0,60728.0,60787.98,793.20588,142009
2026-07-02 05:00:00,60787.98,60877.69,60488.0,60504.54,836.16486,148561
2026-07-02 06:00:00,60504.54,60652.74,60260.0,60274.01,838.53408,129863
2026-07-02 07:00:00,60274.01,60315.93,60104.0,60149.99,593.99067,116951
2026-07-02 08:00:00,60149.99,60555.06,60132.51,60511.99,573.38622,104894
2026-07-02 09:00:00,60512.0,61437.49,60376.13,61184.0,1895.63178,267289
2026-07-02 10:00:00,61184.0,61350.0,61051.07,61263.68,711.1086,159653
2026-07-02 11:00:00,61263.93,61388.0,61125.58,61358.01,823.29588,141156
2026-07-02 12:00:00,61358.0,61614.0,61147.23,61542.53,1476.64291,234644
2026-07-02 13:00:00,61542.53,62053.0,61506.0,61939.04,2503.04906,349562
2026-07-02 14:00:00,61939.04,62200.0,61394.49,61696.61,1834.43153,386499
2026-07-02 15:00:00,61696.61,61850.86,61427.39,61612.93,955.089,216338
2026-07-02 16:00:00,61612.93,61790.13,61108.99,61682.34,1526.68052,247965
2026-07-02 17:00:00,61682.34,61962.43,61619.69,61667.39,742.84693,146063
2026-07-02 18:00:00,61667.4,61900.29,61664.39,61761.36,457.24217,89396
2026-07-02 19:00:00,61761.36,61763.81,61424.0,61479.6,567.93379,132964
2026-07-02 20:00:00,61479.59,61596.0,61342.0,61584.78,435.70751,94517
2026-07-02 21:00:00,61584.77,61653.43,61516.0,61592.26,335.09994,55856
2026-07-02 22:00:00,61592.26,61596.62,61406.28,61465.26,313.41399,47958
2026-07-02 23:00:00,61465.26,61606.0,61350.02,61560.0,263.74127,81218
2026-07-03 00:00:00,61560.0,61578.0,61248.86,61308.75,803.35853,129250
2026-07-03 01:00:00,61308.75,61733.11,61286.0,61588.0,365.29608,145682
2026-07-03 02:00:00,61588.0,61664.62,61294.0,61440.01,718.15053,118531
2026-07-03 03:00:00,61440.01,61575.15,61324.0,61434.0,592.37701,88348
2026-07-03 04:00:00,61434.0,61524.01,61332.76,61448.0,597.68744,80555
2026-07-03 05:00:00,61448.0,61808.0,61430.0,61700.49,669.42027,110591
2026-07-03 06:00:00,61700.49,61850.0,61612.0,61710.01,821.5655,81062
2026-07-03 07:00:00,61710.01,61864.99,61659.32,61750.47,1075.23435,93779
2026-07-03 08:00:00,61750.47,61896.99,61554.07,61584.0,341.60269,107377
2026-07-03 09:00:00,61583.99,61783.89,61510.01,61718.68,336.50784,97250
2026-07-03 10:00:00,61718.69,62038.0,61663.98,61916.46,481.39402,115268
2026-07-03 11:00:00,61916.46,62103.1,61840.0,62024.02,549.87382,112015
2026-07-03 12:00:00,62024.01,62174.47,61871.66,61983.99,627.72129,122392
2026-07-03 13:00:00,61984.0,62282.0,61944.0,62116.01,790.28341,117484
2026-07-03 14:00:00,62116.0,62280.0,61700.0,62167.48,768.79968,161693
2026-07-03 15:00:00,62167.47,62400.0,61820.0,61922.72,627.67216,146274
2026-07-03 16:00:00,61922.71,62125.99,61911.65,62104.81,308.0973,79789
2026-07-03 17:00:00,62104.81,62292.51,62068.78,62194.0,345.47791,81355
2026-07-03 18:00:00,62193.99,62204.03,62118.0,62174.0,93.31338,17855
